Target,Rank,oligo,start,len,tm,gc%,any_th,3'_th,hairpin,rep,seq
1,0,LEFT,96,22,60.96,54.55,0,0,0,12,TCTGCCCTCCACTCCATCTAAG
1,0,RIGHT,191,22,61.17,50,0,0,0,12,ATGGAGAAGTGGGATTGCCTCT
1,1,LEFT,100,22,60.69,54.55,0,0,0,11,CCCTCCACTCCATCTAAGCTCT
1,1,RIGHT,201,23,61.13,52.17,0,0,0,12,GGAAGTGGAAATGGAGAAGTGGG
1,2,LEFT,69,22,60.35,50,0,0,0,11,AGTGAGAAGCTATGTGTGCAGG
1,2,RIGHT,196,23,61.13,47.83,0,0,0,12,TGGAAATGGAGAAGTGGGATTGC
1,3,LEFT,77,22,60.09,50,0,0,0,13,GCTATGTGTGCAGGACTTCTCT
1,3,RIGHT,214,28,60.17,35.71,0,0,0,12,GCATTCTTTATTAGGAAGTGGAAATGGA
1,4,LEFT,72,22,60.09,50,0,0,0,12,GAGAAGCTATGTGTGCAGGACT
1,4,RIGHT,207,26,58.07,34.62,0,0,0,12,TTATTAGGAAGTGGAAATGGAGAAGT
2,0,LEFT,34,23,58.35,39.13,0,0,0,11,TTGGACATCTTCTGAATTGCTGA
2,0,RIGHT,225,22,59.43,45.45,0,0,0,11,ACGTGCTGGAATTAGGTAGTGT
2,1,LEFT,44,26,59.41,34.62,0,0,0,13,TCTGAATTGCTGAATGATTTTCAAGC
2,1,RIGHT,225,25,60.28,40,0,0,0,12,ACGTGCTGGAATTAGGTAGTGTTAA
3,0,LEFT,53,22,60.82,50,0,0,0,11,CCTCAACAATCCCAAGCACTCA
3,0,RIGHT,190,26,59.23,38.46,0,0,0,13,TCTTTAGGATGGTAATGATCAGTTGC
3,1,LEFT,68,24,58.1,41.67,0,0,0,11,GCACTCACTTGTATGATCTACAGA
3,1,RIGHT,217,22,58.6,45.45,0,0,0,13,GCGTAGTTTTGGGTAAGTCACT
3,2,LEFT,50,21,61.16,52.38,0,0,0,10,CTGCCTCAACAATCCCAAGCA
3,2,RIGHT,194,27,58.06,33.33,0.09,0,0,12,ATCTTCTTTAGGATGGTAATGATCAGT
3,3,LEFT,55,23,60.69,43.48,0,0,0,12,TCAACAATCCCAAGCACTCACTT
3,3,RIGHT,203,28,58.26,32.14,0,0,0,13,AAGTCACTTATCTTCTTTAGGATGGTAA
3,4,LEFT,44,22,61.73,50,0,0,0,12,AATGTGCTGCCTCAACAATCCC
3,4,RIGHT,220,22,58.34,45.45,0,0,0,12,TCTGCGTAGTTTTGGGTAAGTC
4,0,LEFT,105,22,61.08,59.09,0,0,0,13,GAGGATGGGCTCTAGGACTCAG
4,0,RIGHT,218,22,59.76,50,0,0,0,11,TTCCTCTCATCACTTGCCTCTG
4,1,LEFT,114,21,61.36,61.9,0,0,0,11,CTCTAGGACTCAGGGCAGCTC
4,1,RIGHT,262,22,60.75,54.55,0,0,0,13,CCCTTCCTTATTTCCTCAGCCG
4,2,LEFT,81,22,60.83,50,0,0,0,12,AGAATAGCAACCTCACCCCAGA
4,2,RIGHT,222,23,60.37,47.83,0,0,0,11,GGATTTCCTCTCATCACTTGCCT
4,3,LEFT,78,22,60.42,54.55,0,0,0,12,CAGAGAATAGCAACCTCACCCC
4,3,RIGHT,198,20,61.12,55,12.86,2.68,0,12,TGCAGTCAGGAGTCCAAGCT
4,4,LEFT,103,21,59.85,57.14,0,0,0,12,GAGAGGATGGGCTCTAGGACT
4,4,RIGHT,235,20,60.39,60,0,0,0,12,CTGGCTGGGACCTGGATTTC
5,0,LEFT,94,21,61.35,52.38,0,0,0,11,CATGACACAACCAGGCACACA
5,0,RIGHT,210,20,60.61,50,0,0,0,13,TGGTGTGTTTGTGTGTGCCT
5,1,LEFT,91,20,59.23,50,0,0,0,11,TACCATGACACAACCAGGCA
5,1,RIGHT,270,19,61.27,63.16,0,0,0,13,GGTGTGTGTCATGGGGTGC
6,0,LEFT,112,22,61.21,59.09,0,0,0,10,CTCTCTGAACCTCTCCCCTGAC
6,0,RIGHT,218,22,61.03,50,0,0,0,12,AGAGCTGGGTTGAGGGTTACTT
6,1,LEFT,106,22,61.21,59.09,0,0,0,12,CTGTCCCTCTCTGAACCTCTCC
6,1,RIGHT,197,22,60.96,54.55,0,0,0,11,TAGAGGATTTGGGGCTAGGGTG
6,2,LEFT,77,22,60.23,50,0,0,0,12,ACTTCTGCTCTTCTCTGGGGTA
6,2,RIGHT,194,22,60.64,50,0,0,0,11,AGGATTTGGGGCTAGGGTGTAT
6,3,LEFT,90,23,60.89,52.17,0,0,0,12,TCTGGGGTATCTCTTTCTGTCCC
6,3,RIGHT,216,23,60.76,47.83,0,0,0,12,AGCTGGGTTGAGGGTTACTTAGA
6,4,LEFT,80,23,60.69,52.17,0,0,0,13,TCTGCTCTTCTCTGGGGTATCTC
6,4,RIGHT,205,23,60.69,52.17,0,0,0,13,GGGTTACTTAGAGGATTTGGGGC
7,0,LEFT,78,24,59.84,37.5,0,0,0,12,TCTTTGCCAATGTTTGACAGTTGA
7,0,RIGHT,183,22,59.83,45.45,0,0,0,12,TACTTGTTCACTGGGCTGTTCA
7,1,LEFT,73,26,60.74,38.46,0,0,0,11,GGTATTCTTTGCCAATGTTTGACAGT
7,1,RIGHT,187,23,59.43,43.48,0,0,0,11,CAAATACTTGTTCACTGGGCTGT
7,2,LEFT,82,24,58.57,33.33,0,0,0,13,TGCCAATGTTTGACAGTTGAATTT
7,2,RIGHT,203,25,58.4,36,0,0,0,13,TTTGGAAGGAGAGTCACAAATACTT
7,3,LEFT,35,24,58.4,41.67,5.39,0,0,11,GGTGACACTAAGACAGAAAAGAGT
7,3,RIGHT,233,22,58.69,45.45,0,0,0,11.75,ACCACTTCCACCTTTCTGTAGA
7,4,LEFT,60,26,59.07,34.62,0,0,0,11,TGTTTTCATTTCTGGTATTCTTTGCC
7,4,RIGHT,237,23,59.29,43.48,0,0,0,12.75,TCTTACCACTTCCACCTTTCTGT
8,0,LEFT,116,22,59.89,45.45,0,0,0,11,AAAGTAGTGCCCCGAGTTCTTT
8,0,RIGHT,245,22,61.21,54.55,0,0,0,13,GCGAGAAGGGAAGAGAGGAAGA
8,1,LEFT,113,22,58.13,45.45,0,0,0,12,AATAAAGTAGTGCCCCGAGTTC
8,1,RIGHT,209,22,61.41,50,0,0,0,13,GGAAATGGAATGTGTGTGGGCT
8,2,LEFT,67,26,60.89,42.31,18.75,1.9,0,11,GGACTCTTAATGCATTTTCACTCGTG
8,2,RIGHT,213,23,60.31,47.83,0,0,0,13,CCTTGGAAATGGAATGTGTGTGG
8,3,LEFT,64,25,58.76,36,18.75,0,0,12,TCTGGACTCTTAATGCATTTTCACT
8,3,RIGHT,204,24,61.24,41.67,0,0,0,12,TGGAATGTGTGTGGGCTATTTTGT
8,4,LEFT,60,25,58.08,36,18.75,0,0,12,CACTTCTGGACTCTTAATGCATTTT
8,4,RIGHT,205,22,58.29,40.91,0,0,0,11,ATGGAATGTGTGTGGGCTATTT
9,0,LEFT,70,27,60.47,40.74,10.14,0,0,13,GCAGAATACATGTAATATATGGCAGGC
9,0,RIGHT,192,22,58.91,45.45,0,0,0,12,AAAGATTCAGTAGCCCCTTTGC
9,1,LEFT,77,25,58.28,36,18.52,14.35,0,13,ACATGTAATATATGGCAGGCATACA
9,1,RIGHT,254,22,60.61,50,0,0,0,12,GCAAACTAAAAGTGAGGCAGGC
10,0,LEFT,72,22,61.26,54.55,18.64,3.37,0,10,CTTTCCGGAACCAAGGCCATAG
10,0,RIGHT,195,20,62.09,65,0,0,0,11,GGCTGATAGGGTGCGAGAGG
10,1,LEFT,57,22,60.68,54.55,0,0,0,10,CTTAGGAAGGGCACTCTTTCCG
10,1,RIGHT,198,20,62.37,65,0,0,0,10,CTGGGCTGATAGGGTGCGAG
10,2,LEFT,62,21,61.21,57.14,18.64,3.76,0,9,GAAGGGCACTCTTTCCGGAAC
10,2,RIGHT,243,22,61.16,54.55,0,0,0,11,AGTCCTTACACATGGGGTCTCC
10,3,LEFT,68,21,61.48,57.14,18.64,0,0,9,CACTCTTTCCGGAACCAAGGC
10,3,RIGHT,247,23,59.29,47.83,0,0,0,11,TGATAGTCCTTACACATGGGGTC
10,4,LEFT,66,20,60.54,55,18.64,0.74,0,10,GGCACTCTTTCCGGAACCAA
10,4,RIGHT,226,19,63.28,68.42,0,0,0,11,TCTCCTTCCCTCCCCGCAC
11,0,LEFT,52,22,61.55,54.55,24.82,0,0,12,GGGATCCGGATGAGACCAAGAA
11,0,RIGHT,184,20,60.46,60,0,0,0,12,GACGCTCCCTTTGGCTACTC
11,1,LEFT,55,22,59.83,50,18.33,0,0,11,ATCCGGATGAGACCAAGAAGTG
11,1,RIGHT,186,19,62.66,63.16,13.73,0,0,11,GCGACGCTCCCTTTGGCTA
11,2,LEFT,51,20,61.05,60,24.82,0,0,10,GGGGATCCGGATGAGACCAA
11,2,RIGHT,190,19,63.61,68.42,19.02,0,0,11,CTCCGCGACGCTCCCTTTG
11,3,LEFT,26,22,59.82,50,0,0,0,10.75,TGTCGGGAATGATAGAGGAGGA
11,3,RIGHT,244,22,59.78,50,0,0,0,12,GTGAACTACAGCTCCAAAACGG
11,4,LEFT,21,24,60.2,45.83,4.43,0,0,10,CCAATTGTCGGGAATGATAGAGGA
11,4,RIGHT,231,20,61.82,60,0,0,0,11,CCAAAACGGGGAGTCGGAGA
12,0,LEFT,81,19,63.35,68.42,1.35,0,0,12,GGCTGCCGGGACAAGGATG
12,0,RIGHT,185,22,61.75,50,0,0,0,11,AGTCCACGCCAGGGTAATGAAT
12,1,LEFT,23,19,61.67,63.16,0,0,0,9,GTCGGCACTTACGGTTGGC
12,1,RIGHT,187,21,61.28,57.14,0,0,0,11,CAAGTCCACGCCAGGGTAATG
12,2,LEFT,7,19,62.75,68.42,0,0,0,10,CAGGGCTCAGGGATGCGTC
12,2,RIGHT,183,23,60.68,47.83,0,0,0,11,TCCACGCCAGGGTAATGAATAAC
12,3,LEFT,27,19,64.5,68.42,13.32,13.32,0,9,GCACTTACGGTTGGCGGCC
12,3,RIGHT,221,21,60.2,52.38,0,0,0,13,GGAGAAAGTAAATGCCTGCGC
13,0,LEFT,66,22,60.95,50,0,0,0,11,TATCTTGCAGCCAAACCCATCC
13,0,RIGHT,206,22,61.01,54.55,0,0,0,12,TAGATCACTAGACCGCACCCAG
13,1,LEFT,103,22,61.96,54.55,0,0,0,12,GCTGCTTGAGGTTGAAGGTGAC
13,1,RIGHT,247,22,61.81,54.55,0,0,0,12,TAAGTATGAGTGGGCTGGGCTG
13,2,LEFT,102,20,60.89,55,0,0,0,11,CGCTGCTTGAGGTTGAAGGT
13,2,RIGHT,250,22,60.16,54.55,0,0,0,12,CTGTAAGTATGAGTGGGCTGGG
13,3,LEFT,119,21,59.04,47.62,11.04,0,0,10,GGTGACTGTCAGTGGCAAAAT
13,3,RIGHT,227,25,58.63,40,0,0,0,11,TGCAAGACTTCTATACCATCCTAGA
13,4,LEFT,76,21,61.84,57.14,0,0,0,11,CCAAACCCATCCACCAGCATG
13,4,RIGHT,223,26,58,38.46,0,0,0,13,AGACTTCTATACCATCCTAGATCACT
14,0,LEFT,22,22,61.25,54.55,0.33,0,0,10,GAGACACCATGTACAGCAGCAG
14,0,RIGHT,204,20,61.11,55,0,0,0,11,AAACCCAAACACTCCAGGCG
14,1,LEFT,38,19,64.46,68.42,18.24,18.24,0,10,CAGCAGCACGAAGGCCACG
14,1,RIGHT,200,19,63.85,68.42,26.15,5.07,0,10,CCAAACACTCCAGGCGCCC
15,0,LEFT,19,19,64.75,63.16,10.53,0,0,10,TCGGCGGCACTTCCCCAAA
15,0,RIGHT,191,19,61.77,68.42,0,0,0,10,GAGCACCTCGACTCTCCGG
15,1,LEFT,25,19,61.28,63.16,0,0,38.67,12,GCACTTCCCCAAAGCCAGG
15,1,RIGHT,196,22,61.01,54.55,2.87,0,33.92,11,ACTATGAGCACCTCGACTCTCC
16,0,LEFT,110,22,60.16,45.45,0,0,0,12,TGGCTGTTTATTTCACCTGGGT
16,0,RIGHT,249,19,61.83,63.16,0,0,0,12,TGCCCACCAGAGGACAACC
16,1,LEFT,50,22,61.54,50,8.43,5.78,0,13,CACCAAATTTCATGCGCGTCTG
16,1,RIGHT,295,22,59.42,50,0,0,0,11,TGTAATTCTCCCCACCCTTGAG
16,2,LEFT,42,22,60.03,45.45,0,0,0,12,AGTCACGGCACCAAATTTCATG
16,2,RIGHT,288,23,58.76,47.83,0,0,0,10,CTCCCCACCCTTGAGAATATACT
16,3,LEFT,49,20,61.01,50,8.43,0,0,12,GCACCAAATTTCATGCGCGT
16,3,RIGHT,286,25,60.34,44,0,0,0,11,CCCCACCCTTGAGAATATACTTTGT
17,0,LEFT,80,21,61.5,52.38,0.23,0,0,10,GCTGAACCATTTGCTGAGCCT
17,0,RIGHT,203,22,61,54.55,0,0,0,11,CGTCTCAACATGCTTAGGGGTC
17,1,LEFT,83,21,62.42,57.14,0.23,0,0,11,GAACCATTTGCTGAGCCTGCC
17,1,RIGHT,206,22,61.25,54.55,0,0,0,11,CACCGTCTCAACATGCTTAGGG
17,2,LEFT,49,21,61.36,52.38,1.25,0,0,12,TTGCTTTGACTGACAGCCACC
17,2,RIGHT,198,20,60.75,60,0,0,0,11,CAACATGCTTAGGGGTCCGG
17,3,LEFT,103,21,62.49,61.9,9.32,0,0,11,CTCTTGCTCTTCGAGGCTCCC
17,3,RIGHT,209,22,62.57,54.55,0,0,0,11,CCCCACCGTCTCAACATGCTTA
17,4,LEFT,109,19,62.07,68.42,9.32,0,0,10,CTCTTCGAGGCTCCCGTGG
17,4,RIGHT,209,19,61.04,63.16,0,0,0,11,CCCCACCGTCTCAACATGC
18,0,LEFT,85,27,60.85,40.74,0,0,0,13,GGCTGTTAAAGTATATGTGAGTCTGGT
18,0,RIGHT,297,24,59.23,41.67,0,0,0,12,ACTCTCATCAGTGTAAGCTCAAGA
18,1,LEFT,46,26,59.38,38.46,0,0,0,12,TGTTGATTCTATCCATACCTTACCCA
18,1,RIGHT,295,25,58.29,36,0,0,0,12,TCTCATCAGTGTAAGCTCAAGAAAT
18,2,LEFT,75,28,60.32,35.71,0,0,0,12,TGGAAGAGAAGGCTGTTAAAGTATATGT
18,2,RIGHT,293,26,58.61,34.62,0,0,0,11,TCATCAGTGTAAGCTCAAGAAATACA
18,3,LEFT,83,26,58.15,34.62,0,0,0,11,AAGGCTGTTAAAGTATATGTGAGTCT
18,3,RIGHT,289,28,58.98,32.14,0,0,0,13,CAGTGTAAGCTCAAGAAATACAAATTCA
18,4,LEFT,49,28,59.85,39.29,0,0,0,11,TGATTCTATCCATACCTTACCCATACTG
18,4,RIGHT,292,28,58.82,32.14,0,0,0,12,CATCAGTGTAAGCTCAAGAAATACAAAT
19,0,LEFT,110,22,61.68,54.55,0,0,0,10,CTCCCAAGTTGCTCTCCTCACT
19,0,RIGHT,246,22,60.03,45.45,0,0,0,11,ACAAAGGTTTAGGCATCGCAAC
19,1,LEFT,73,22,61.09,50,0,0,0,10,ACAAGCCAGTCCATCCTGTAGT
19,1,RIGHT,211,19,59.06,57.89,5.01,0,0,11,GTTCACAACGAGGCCACAG
19,2,LEFT,93,23,60.62,47.83,0,0,0,11,GTCATCATAGTTGTTGGCTCCCA
19,2,RIGHT,240,19,60.23,57.89,0,0,0,9,GTTTAGGCATCGCAACCGC
19,3,LEFT,41,22,61.03,50,0,0,0,11,AGACACTCTGGATGGGTTCACA
19,3,RIGHT,183,19,63.24,68.42,0,0,0,11,CAACCAGAACTCCCGCCGG
19,4,LEFT,76,22,60.63,50,0,0,0,11,AGCCAGTCCATCCTGTAGTCAT
19,4,RIGHT,188,19,63.56,68.42,0,0,0,10,GGCCGCAACCAGAACTCCC
20,0,LEFT,116,22,60.62,50,0,0,0,10,TGCTGTATGTCTTTGCCTGGAG
20,0,RIGHT,240,21,61.59,57.14,23.35,21.39,0,12,CTCTTTAGGCACAGCTGACGC
20,1,LEFT,59,22,61.27,50,0,0,0,12,TGTTTCTGGACCTGTGCCTTTG
20,1,RIGHT,184,20,59.04,55,4.21,0,0,11,TGTGAGTGACAGAGCTGAGG